Medientyp,Autor,Titel,Titelliste,Kategorie,Code,Letzter Nutzer,Verleihdatum
DVD,Frau Nelli Misicher,Verlieren glücklich.,,Roman,8413119168011,Henriette Gröttner,2024-05-02 03:55:58
DVD,Birthe Schwital,Bauen Familie.,,Pop,0366648933996,Herbert Margraf,2024-01-26 19:09:27
CD,Raymond Pruschke,Ferien das Mädchen gehören.,Woche dauern glauben vor darin.,Horror,1940348742189,Kirsten Löwer,2024-01-12 02:17:57
Buch,Nevenka Roskoth-Kraus,Schicken Loch.,,Pop,978-1-9758-4787-6,Anastasios Schuster,2024-04-02 08:35:34
DVD,Wiebke Kraushaar,Gestern fallen sieht weiß grün.,,Pop,1785098317269,Josefine Schuchhardt,
Buch,Karl-Wilhelm Wilms,Schreien blau sieben erst.,,Punkrock,978-1-86848-140-8,Prof. Anett Rogner MBA.,
Buch,Univ.Prof. Adolf Striebitz,Stein in gesund selbst.,,Comedy,978-1-5453-5343-1,Clemens Gehringer MBA.,
Buch,Frau Erdmute Ehlert,Wahr Rad Weihnachten Hilfe Haus.,,Punkrock,978-0-7672-1406-3,Ing. Jaroslav Klapp MBA.,2024-07-24 11:50:09
DVD,Andy Stoll,Hase braun drehen.,,Punkrock,6741241848559,Erdogan Pärtzelt,
DVD,Eva Stroh MBA.,Dafür wollen.,,Punkrock,1162949353919,Marica Döhn,
Buch,Heidrun Zimmer,Klasse Luft viel Geld Spaß.,,Punkrock,978-1-225-25769-1,Edda Oderwald,
DVD,Folker Kranz,Sind lassen Mädchen Stelle.,,Comedy,1186034170595,Univ.Prof. Melitta Kruschwitz B.Eng.,
DVD,Vincent Jäkel,Gern spät alle zeigen.,,Sachbuch,4435003294525,Otto Stiebitz,2024-05-13 20:52:28
Buch,Uwe Schäfer B.Eng.,Fliegen ich hat schwer.,,Comedy,978-1-63475-651-8,Adeline Bärer,
DVD,Catherine Heydrich,Weihnachten Stadt.,,Punkrock,2220914120696,Catrin Löffler,
CD,Elly Barth,Mal drei den.,Oder natürlich sollen weil.,Pop,7963144643577,Herr Pius Häring MBA.,
CD,Frau Amanda Pieper,Fallen dick einfach Glas.,Klettern fallen braun gerade machen an Boden mal.,Pop,9944544159545,Dr. Hans-J. Löwer B.A.,
Buch,Natalie Sölzer-Gnatz,Warten Land weit verstehen.,,Pop,978-0-594-48359-5,Matteo Steinberg,
CD,Guiseppe Etzler-Scheibe,Frage früh.,Kaufen klettern dauern wissen selbst Hase.,Pop,8921639482611,Vito Ditschlerin,
CD,Swantje Rosenow,Bauer Freude schwer war Lehrerin.,Finden wichtig wir einige nah Buch.,Pop,3757325357629,Geert Förster B.Eng.,2024-06-07 17:18:06
Buch,Annamaria Sontag,Ding geben.,,Pop,978-0-327-68070-3,Hedwig Butte-Becker,2024-03-11 10:37:50
CD,Carlo Vogt,Genau Katze springen.,Etwas mit Bauer hören.,Roman,9414678885110,Regina Gutknecht,2024-02-23 13:28:00
DVD,Karl Heinz Seifert,Leicht mal Nacht freuen.,,Sachbuch,9875161633081,Eckhart Junken,2024-03-16 13:39:55
CD,Dagobert Wernecke,Sechs den Monate dort.,Als trinken Geld Licht.,Roman,5891046188037,Reingard auch Schlauchin,2024-06-11 08:26:41
CD,Sigrid Fritsch B.A.,Kaufen Zeit unser.,Vorbei erklären Maus Winter schnell.,Sachbuch,8533411415603,Arnulf Roskoth,2024-05-26 12:02:31
CD,Ing. Arnulf Adler B.Sc.,Nase es es.,Zeitung Apfel Geburtstag sehen gerade rund.,Pop,5598748645744,Inge Kuhl B.A.,
Buch,Hermann Tlustek,Tun Mädchen Schule kochen zum.,,Sachbuch,978-1-83077-720-1,Etta Kruschwitz,2024-02-12 22:32:32
DVD,Dipl.-Ing. Nuri Bolnbach,Wirklich Jahr fährt warm.,,Punkrock,4591659996913,Miriam Bloch,
Buch,Wolf-Dietrich Hübel,Erzählen mich.,,Comedy,978-0-257-56737-2,Gerda Beckmann,
DVD,Cemil Bonbach,Gefährlich Abend Ball zwei Loch.,,Comedy,5144728524396,Alicja Segebahn B.Sc.,
CD,Univ.Prof. Natalija Steinberg B.Eng.,Krank mit Bild heraus.,Aber dick Flasche Herz drehen.,Horror,4961366148521,Notburga Wulff B.Sc.,2024-05-19 15:57:12
Buch,Frau Ariane Barkholz,Ist schaffen fast einigen.,,Comedy,978-1-227-46152-2,Ina Butte,2024-06-23 00:06:06
CD,Catherine Flantz,Trinken Nacht.,Fliegen aus alle.,Horror,4789870619142,Hubertine Henschel B.Sc.,
CD,Antonios Rädel-Ortmann,Im der packen.,Halbe und uns.,Punkrock,2692080846494,Jörg Trapp,
DVD,Dipl.-Ing. Ramon Preiß B.A.,Schaffen bin Wort weiß.,,Horror,1183311382283,Milos Zirme,
DVD,Karl-Georg Kensy,Und früh Nacht.,,Comedy,7821303176574,Isabelle Hauffer,2024-06-09 03:58:49
Buch,Maria Bloch,Kann lange Seite denken.,,Comedy,978-1-08-601600-0,Edelbert Gotthard,
CD,Celal Henschel,Lassen überall Seite von.,Langsam Ball aber ließ Platz öffnen.,Sachbuch,0639242415633,Elvira Oderwald,
CD,Jolanta Carsten,Musik traurig Sonntag krank.,Versuchen Papa Minute dunkel Tante zur warten.,Punkrock,4405195755418,Uschi Tintzmann MBA.,2024-06-21 14:53:23
DVD,Agnieszka Mohaupt,Dürfen zwischen bleiben fehlen als.,,Roman,2079946395424,Witold Schmiedecke B.A.,
DVD,Brigitta Neuschäfer-Säuberlich,Alt Glas.,,Horror,2774519240681,Stephanie Hellwig,
Buch,Gesine Hofmann,Wohnung mich das sofort.,,Pop,978-0-7370-4241-2,Abdul Wohlgemut B.Eng.,2024-05-14 00:06:59
Buch,Jane Haering,Schwimmen Wagen.,,Sachbuch,978-0-610-90795-1,Patrick Hoffmann-Putz,2024-01-28 12:51:43
Buch,Dr. Gundel Caspar,Arbeit Arbeit.,,Sachbuch,978-1-4256-3795-8,Frau Käthe Mohaupt,2024-06-30 19:18:36
Buch,Halil Bauer,Boden Stein Polizei Tisch hinein.,,Sachbuch,978-1-112-90272-7,Helene Henschel MBA.,
CD,Jessika Müller-Gertz,Herz Stein.,Schüler neun wo.,Roman,2976912419118,Roselinde Bolander,
DVD,Dipl.-Ing. Erol Junck,Lassen beim aus.,,Horror,3903064790030,Irma Zirme,
CD,Heinz Seidel,Auch heiß will.,Neu leise Uhr richtig Eltern.,Sachbuch,7392907365355,Jadwiga Bolzmann-Mühle,
CD,Egon Harloff B.Eng.,Beim heiß endlich.,Zur kein laut Feuer.,Sachbuch,7375207386206,Marliese Holzapfel B.Eng.,
DVD,Dr. Carlo Killer B.Sc.,Laut am krank hören nass.,,Comedy,0730581291466,Nicolas Eckbauer,
CD,Vera Wende,Ohne Stück Erde Leute.,Schwimmen bauen Opa blau vor Bauer Musik hier.,Punkrock,8023136128631,Gotthard Schleich,
DVD,Rebekka Blümel,Schreiben schicken.,,Punkrock,8946518422342,Viktoria Kohl,2024-08-23 17:52:19
Buch,Donald Barkholz,Zurück liegen.,,Horror,978-1-78481-828-9,Olaf Radisch,2024-02-06 15:53:25
CD,Türkan Scheuermann,Kann groß Sonntag Haare.,Kam mit groß ihr beim wenn ich Spaß.,Sachbuch,8153639589346,Jaroslav Stey,
CD,Adriane Hänel B.Sc.,Leicht fragen bei oft oben.,Mehr liegen Vogel warm für dürfen traurig wir.,Punkrock,6660454477021,Baldur Lachmann MBA.,2024-08-10 19:29:15
Buch,Claudia Renner,Sollen viel gern.,,Horror,978-1-923616-38-7,Klaus-Günter Drub-Franke,2024-03-18 11:51:21
DVD,Herr Dennis Warmer B.Eng.,Bringen Gott ließ schön.,,Pop,7629210360914,Frau Blanka Stolze,2024-07-20 05:16:21
Buch,Ehrhard Schuster,Brief treffen Frau.,,Punkrock,978-1-70848-623-5,Sabrina Rädel,
Buch,Frau Claire Martin B.Eng.,Wissen stehen weiter am er.,,Sachbuch,978-1-4671-5802-2,Dr. Sylvester Kallert,2024-04-08 13:23:10
Buch,Eduard Bruder,Von als.,,Comedy,978-0-05-776687-6,Prof. Hans-Rudolf Ritter,
Buch,Ignatz Karz,Später Mutter.,,Comedy,978-1-4539-0390-2,Giesela Söding,2024-05-06 02:41:41
CD,Nermin Weihmann B.Eng.,Haben Herz sich.,Ging zu Sohn dumm lange frei.,Sachbuch,7620512637766,Hendrik Langern MBA.,2024-07-09 22:02:14
CD,Heinz-Peter Lehmann B.Eng.,Denn dem hoch finden ließ.,Ließ Seite einmal.,Sachbuch,7082235345951,Vadim Hofmann B.Sc.,
DVD,Gerda Trubin,Minutenmir schlimm gelb sieht.,,Roman,2173122927857,Friedericke Bauer B.A.,
DVD,Cecilia Bachmann,An treffen also.,,Horror,0643961812925,Joana Putz,
DVD,Jeannine Zorbach,Licht Tier auch waschen dann.,,Horror,7491800666900,Karl-Friedrich Seifert-Hein,2024-06-24 22:54:18
CD,Univ.Prof. Anni Ebert B.Eng.,Das Garten besser.,In verstehen gehen Straße erst stark.,Comedy,2271118825160,Marina Hermighausen,2024-06-28 07:18:30
DVD,Eugenia Kroker,Ziehen Glas fest neu.,,Punkrock,1893351676920,Frederic Koch B.A.,
Buch,Kristin Gierschner,Frei Sohn auf dick.,,Sachbuch,978-1-60983-880-5,Herr Emanuel Lindner,
Buch,Hildegund Matthäi,Wohl Mutter am Stück einigen.,,Pop,978-0-87259-962-8,Lotte Martin B.Eng.,
DVD,Pavel Löwer,Weinen sein beim gar setzen.,,Punkrock,8664270875267,Ing. Telse Kühnert MBA.,2024-08-15 15:59:06
DVD,Andrey Holsten B.A.,Mit kommen aber.,,Roman,7018334460400,Hüseyin Hein,
DVD,Ramazan Hauffer,Land erzählen.,,Horror,3827276937987,Prof. Imelda Wilmsen MBA.,2024-05-03 19:20:52
Buch,Dipl.-Ing. Freia Koch II,Freude Hand uns besser braun.,,Pop,978-0-507-46839-8,Silva Bärer-Röhricht,
CD,Aleksander Zirme,Spät Hilfe andere Leute Ding.,Müde vergessen nächste Geschichte Affe.,Punkrock,5873418888752,Heide-Marie Kensy-Mende,2024-08-15 07:11:37
CD,Sami Kitzmann-Hartung,Abend Winter kalt müde.,Ruhig ein Garten.,Punkrock,9219931956190,Joachim Bolander,2024-04-08 18:08:42
CD,Lissy Thanel,Laufen Affe.,Hören es groß alt rennen los.,Pop,5327089119498,Prof. Auguste Ehlert,
CD,Dipl.-Ing. Katalin Jäntsch B.Eng.,Fast gar einfach.,Uns Himmel sehr Schnee wohl bringen.,Horror,4886096287206,Kilian Mitschke,
CD,Cosima Margraf-Heuser,Frage nämlich Glück Jahr.,Mädchen Apfel gar besser.,Pop,3476992240668,Albrecht Hartung,2024-01-10 11:12:50
Buch,Wigbert Zänker,Bruder bringen ins allein.,,Sachbuch,978-0-462-62329-0,Grete Bolander MBA.,2024-08-19 04:26:58
Buch,Nurettin Bender B.Sc.,Holen mögen Schule leise.,,Punkrock,978-0-00-688127-8,Univ.Prof. Heiner Hein MBA.,2024-07-14 06:08:32
Buch,Hanne-Lore Nerger B.A.,Sein sollen Weg.,,Comedy,978-1-4797-7763-1,Friedbert Mende,2024-07-03 08:15:17
DVD,Oskar Börner,Dafür Seite.,,Horror,7373775210176,Michaela Walter,2024-05-18 07:46:44
Buch,Veronika Drubin,Uns sehen Milch schauen.,,Sachbuch,978-1-926418-70-4,Erica Winkler,
DVD,Ing. Tibor Franke,Fiel heute richtig Musik.,,Horror,7888788547077,Sonja Dobes B.Sc.,
CD,Dr. Leonore Neureuther,Frage bringen Onkel war.,Wiese bleiben Lehrer vom wichtig versuchen zusammen.,Sachbuch,0394070895650,Prof. Franka Faust,
Buch,Robin Scholz B.A.,Arbeit lernen aber Seite.,,Pop,978-1-312-87779-5,Anselm Hornig-Harloff,
CD,Karl-Dieter Meyer-Bolander,Bei auch Frau.,Möglich Geld helfen Ball dafür.,Comedy,4757634855549,Univ.Prof. Urs Kraus,
CD,Eva-Maria Beer MBA.,Platz Fisch Licht.,Oben Boden für möglich nie heute bis.,Comedy,8139525873584,Dipl.-Ing. Gisa Fröhlich,
Buch,Rebecca Kranz,Eis Katze.,,Punkrock,978-1-9811-7868-1,Heinz-Gerd Becker,
DVD,Milos Rogner B.A.,Tragen Beispiel.,,Comedy,7427555564321,Univ.Prof. Kunigunde Schäfer,
DVD,Gülten Winkler B.A.,Fünf Eis nie helfen.,,Comedy,2712415774114,Frauke Hecker-Hiller,2024-03-21 08:03:52
DVD,Liselotte Dörr-Nerger,Fragen rufen kennen.,,Pop,8983387603663,Siegward Pergande-Textor,
CD,Alois Dippel,Scheinen fallen hat.,Nach wir Onkel.,Roman,0340692521453,Dr. Berndt Hamann,2024-03-26 22:19:37
DVD,Centa Reichmann,Halten legen gehen erzählen schnell.,,Comedy,8951713185275,Ulrich Koch II B.Sc.,2024-04-19 17:10:22
CD,Frau Cynthia Warmer B.A.,Führen Schiff führen.,Damit plötzlich eigentlich Hunger Geburtstag.,Horror,4919835351118,Natalia Hörle,2024-06-16 06:22:39
CD,Romana Ring,Nacht erzählen unten.,Erklären hängen krank trinken Bruder andere erklären.,Pop,6930520741333,Zbigniew Gröttner,
CD,Marlis Drewes,Vielleicht sechs schenken.,Wenn Wasser ins hören leise.,Pop,9958171280237,Ing. Ahmad Trubin,2024-08-26 02:26:35
Buch,Juliane Junken,Müssen fehlen wünschen Apfel.,,Pop,978-1-144-39705-8,Burkhard Gunpf,
Buch,Roman Mans,Wagen sechs.,,Punkrock,978-1-930975-76-7,Jonathan Hande,2024-05-20 08:49:18
Buch,Belinda Kranz,Seit gut letzte Geschichte.,,Comedy,978-0-521-29968-8,Vincent Gotthard B.Eng.,
CD,Elzbieta Wulf-Flantz,Pferd klein wichtig.,Schaffen Dorf Opa Boden lange nehmen Garten.,Pop,9375281507892,Kerstin Christoph,
DVD,Prof. Hans Georg Adolph B.Sc.,Denn einmal vorbei weit.,,Comedy,1887071178444,Dagmar Müller,
CD,Laurenz Scholtz B.A.,Ferien dick überall wir.,Wohl wissen Rad mehr Schnee ruhig wie Junge.,Sachbuch,6037840381871,Dipl.-Ing. Harold Steinberg,
Buch,Ing. Magnus Herrmann MBA.,Sicher sind Haare über.,,Horror,978-1-02-451313-4,Lars Döhn,
Buch,Angelo Flantz,Schüler Zeit.,,Comedy,978-1-66382-958-0,Ing. Irmtraud Buchholz,
DVD,Florian Kaul,Garten nah Zimmer gern Schnee.,,Roman,1123322478544,Hans-Gerhard Gute,
CD,Marliese Weiß,Fuß Stelle warum.,Nass Angst ihm fragen See Tag.,Pop,8768014196998,Dr. Volkhard Junitz,2024-02-06 08:16:08
Buch,Manuel Hering,Klasse einige schreien Schüler selbst.,,Horror,978-0-406-83283-2,Herr Hans-Theo Hein MBA.,2024-02-12 23:43:20
Buch,Hans-Hinrich Caspar,Stellen plötzlich beißen auch.,,Pop,978-1-116-61044-4,Jasmina Trapp,2024-03-04 23:04:16
CD,Roswitha Dippel,Spät anfangen besser Apfel.,Mich Monate jung fertig Minute gut Hand weiter.,Punkrock,8760295454330,Aneta Hendriks,2024-05-08 05:15:21
DVD,Ing. Eckehard Noack,Wichtig kurz.,,Horror,4002362009314,Luisa Kabus,
DVD,Nico Jacob MBA.,Ich draußen ließ.,,Comedy,3991249475995,Danica Losekann,
Buch,Antonie Renner-Misicher,Spät führen.,,Roman,978-1-55774-974-1,Univ.Prof. Jorge Gierschner B.Sc.,
CD,Jelena Hörle-Hecker,Nächste Pferd nimmt.,Schwer kein leben Boden oben ziehen.,Punkrock,8817469239085,Ferdi Etzler,2024-03-17 10:33:30
DVD,Xenia Fröhlich-Hethur,Beim mein.,,Roman,8187006195731,Francesca Scholz-Schmidt,2024-01-22 08:48:13
Buch,Ing. Rosina Loos,Flasche schreiben.,,Sachbuch,978-0-661-52402-2,Ferenc Gerlach,
CD,Leonore Kobelt,Einfach bei zehn Erde.,Gleich weinen warm sind bekommen.,Horror,4709957482520,Kunibert Stolze,
Buch,Evi Holzapfel MBA.,Ich dafür weinen etwas.,,Sachbuch,978-0-256-62744-2,Dipl.-Ing. Eberhardt Wieloch,
DVD,Hardy Döring,Sonst gehören lassen nächste krank.,,Pop,2435387223519,Carmelo Aumann,
Buch,Prof. Hanne Ziegert,Kurz mögen hängen.,,Punkrock,978-0-85933-322-1,Univ.Prof. Ricarda Adler,
DVD,Andrew Tröst,Aber kommen letzte Pferd.,,Sachbuch,2938556994819,Ing. Henrike Fritsch B.Eng.,
DVD,Sigmund Sager,Dort kochen vergessen er.,,Punkrock,4050660584668,Hans-Jörg Etzold-Bolzmann,2024-08-27 07:08:06
CD,Hans-Friedrich Kobelt-Henk,Dir Kind er merken weit.,Holen gewinnen einigen laufen.,Sachbuch,4921901638603,Rosalinde Jopich,2024-05-06 02:28:38
Buch,Reinhard Henck B.Sc.,Ging Uhr später erklären.,,Comedy,978-1-06-506108-3,Carsten Geisel,2024-06-25 14:30:46
DVD,Dr. Waltraud Birnbaum,Dabei Erde ja.,,Punkrock,1382816902297,Francoise Lachmann,2024-08-31 22:58:45
CD,Ing. Axel Knappe B.A.,Machen Schüler Schwester.,Unser deshalb kalt Spaß.,Sachbuch,2256750816493,Dipl.-Ing. Anastasia Anders B.A.,
Buch,Hans-Bernd Gunpf,Er Mama waschen fröhlich heraus.,,Punkrock,978-1-71571-330-0,Herr Lukas Eimer,
Buch,Ing. Lore Ernst,Überall und.,,Sachbuch,978-0-8396-0038-1,Prof. Elfie Zorbach,
DVD,Monika Wiek-Heintze,Laut Fisch alle dürfen.,,Pop,3292922860825,Theobald Ruppersberger,2024-01-29 01:31:28
DVD,Regina Schaaf MBA.,Mögen erzählen nach Sonntag.,,Sachbuch,0031834958656,Zdravko Roht,
DVD,Prof. Raphaela Speer,Hart ziehen Garten Licht.,,Comedy,5850550837435,Ricardo Ring,
CD,Prof. Peter Keudel B.Sc.,Fiel Bild.,Schuh Schluss lernen Woche nichts kam her.,Comedy,4031595016080,Gundi Kreusel,2024-04-12 20:33:18
Buch,Ing. Randolf Briemer B.Eng.,Jetzt drei etwas leise.,,Punkrock,978-0-907280-42-2,Univ.Prof. Justus Renner,2024-03-08 10:48:45
CD,Eva Christoph,Offen er dick vom.,Müde ziehen noch wichtig Stadt man Boden.,Horror,1848443251844,Dipl.-Ing. Lotte Krause MBA.,
DVD,Lidia Heser,Singen zusammen kein Gesicht glauben.,,Punkrock,7158355779898,Harald Wilmsen,2024-01-27 21:08:52
Buch,Prof. Karolina Birnbaum MBA.,Überall schlimm.,,Comedy,978-0-258-51593-8,Dipl.-Ing. Heinz-Walter Beier MBA.,
CD,Univ.Prof. Patricia Mülichen,Schlagen Flasche schlimm.,Waschen fest genau Lehrerin.,Punkrock,2541361053390,Tom Scheuermann B.Eng.,2024-03-31 19:50:10
DVD,Georg Scholz,Daran Geld.,,Comedy,3407300622432,Lambert Hermighausen,2024-08-03 19:59:34
CD,Prof. Engin Löwer,Beide Berg See Winter dick.,Mit halbe Lehrerin schreien die.,Pop,6084592669177,Olga Bolnbach B.Eng.,2024-07-03 09:34:59
CD,Elsbeth Geißler-Scholtz,Zeigen dich.,Anfangen davon Minutenmir uns Junge.,Punkrock,0196988615036,Univ.Prof. Jenny Fechner,
Buch,Agathe Gutknecht,Land fangen.,,Punkrock,978-1-378-49520-9,Dr. Leif Vollbrecht,
DVD,Berthold Scholl B.Sc.,Tot weiter Schiff lieb.,,Punkrock,4794853198101,Immo Textor,2024-03-02 15:29:16
Buch,Dipl.-Ing. Apostolos Gotthard,Sich Stadt erst.,,Horror,978-0-7355-2339-5,Ing. Giovanna Liebelt,2024-03-09 11:48:38
Buch,Juergen Koch II,Sicher antworten Schwester laufen.,,Pop,978-1-85718-035-0,Prof. Carmela Geisler,
Buch,Prof. Nuray Roht,Fußball neun heraus.,,Pop,978-1-109-29302-9,Univ.Prof. Heimo Sontag,
DVD,Herr Andreas Heydrich B.Sc.,Hängen da Bauer Tür ruhig.,,Pop,0299250065574,Margarete Vogt,2024-01-20 11:54:34
CD,Mathilde Meister,Erklären früh unten.,Spiel zehn Mensch Wald Leben Gesicht Wasser ins.,Pop,1236327852698,Univ.Prof. Mato Weinhold MBA.,2024-08-14 14:15:59
Buch,Dipl.-Ing. Roderich Weimer,Himmel eigentlich einigen.,,Sachbuch,978-0-593-70189-8,Claire Tröst,
DVD,Karlheinz Wende-Säuberlich,Waschen Teller.,,Comedy,3311946373705,Natalie Kohl,
DVD,Elisabet Stahr,Sagen offen wollen Mensch nicht.,,Pop,6079687608360,Prof. Dariusz Austermühle B.A.,
Buch,Janet Paffrath,Helfen wie nur Freude Schüler.,,Pop,978-1-221-32461-8,Loni Kuhl B.A.,
DVD,Bertha Patberg,Sohn Brot.,,Horror,1648173990156,Sigmund Pergande,2024-04-22 19:21:13
Buch,Sigmund Dobes-Albers,Ob Blume erklären.,,Comedy,978-0-09-924401-1,Danielle Jockel,2024-05-20 06:57:21
CD,Claus-Peter Meister,Immer Mensch.,Turnen unter drei Hund wissen.,Punkrock,8849373687447,Aloisia Warmer,
Buch,Adriane Reichmann,Heute kommen steigen.,,Punkrock,978-0-89006-072-8,Veronique Köhler-Cichorius,2024-01-17 17:48:11
DVD,Zlatko Martin,Nächste braun acht nicht.,,Horror,1354758119804,Dipl.-Ing. Louise Ritter,
CD,Dr. Yilmaz Haering,Allein oder wohl.,Aus drehen dauern Hunger fertig hin Hunger ins.,Roman,4958406488389,Oxana Dussen van,2024-08-27 19:37:06
CD,Ilse Eimer,Warum Kopf einigen nehmen heraus.,Unter Vater durch fährt.,Punkrock,0992610814323,Ehrhard Schmidt,2024-05-21 05:55:33
DVD,Ing. Ignatz Schäfer B.A.,Boden wird.,,Sachbuch,0112914454975,Danilo Rogge,
Buch,Dipl.-Ing. Traugott Lübs B.Eng.,Werfen wollen.,,Comedy,978-1-285-72689-2,Cläre Hertrampf,2024-03-11 01:09:11
DVD,Raphael Gorlitz,Leben dann arbeiten dauern sind.,,Horror,3986800506331,Hagen Sauer,2024-06-28 04:26:15
CD,Jessica Drub,Luft los Kind schwarz.,Zug Bein vorbei Minute kurz schaffen warten.,Comedy,4959678792396,Niklas Stahr-Scholz,2024-07-14 12:51:18
Buch,Joana Reising,Hängen auch weiß reich.,,Sachbuch,978-1-210-33598-4,Svetlana Dippel,
DVD,Amanda Pärtzelt,Als gehören Bruder.,,Sachbuch,0337159358738,Alma Klemt B.Eng.,
Buch,Cynthia Hecker,Sich müde Seite.,,Punkrock,978-0-205-94055-4,Samir Rädel,2024-02-19 21:55:43
CD,Rico Patberg,Spät rot.,Sache freuen wahr an Garten.,Punkrock,3664379916774,Dr. Katy Schmidt B.Eng.,2024-02-03 13:11:23
CD,Lydia Klapp-Schweitzer,Am weg.,Schwarz dick spielen.,Pop,3281818733145,Prof. Gülay Stoll,2024-07-23 06:20:55
CD,Andrzej Lorch,Gesund es Opa Zug.,Müssen gar dazu kann.,Horror,9890888083247,Jozef Rogner-Lorch,2024-08-25 23:15:07
CD,Ing. Lia Henk,Wollen Geschenk Angst gibt dem.,Name neu verlieren Luft.,Pop,7193493400044,Susi Hänel,
CD,Gisa Matthäi,Besser Wohnung an wohl schaffen.,Frage Oma sieben reich Welt einige können der.,Pop,5118791488695,Emin Graf,
DVD,Anne-Rose Beyer,Unser essen.,,Horror,7444692848978,Prof. Helmar Weller,
CD,Ilona Henck,Dumm setzen fehlen der Fußball.,Klasse packen blau.,Roman,6650341163809,Irmi Otto MBA.,
CD,Claus-Dieter Schönland,Zehn Wissen Boden schlagen.,Wenn oft vor Ferien zeigen Eltern.,Pop,7495002824977,Prof. Krista Barkholz B.A.,
Buch,Herr Hans-Heinrich Weinhold,Sie schicken bei also.,,Horror,978-1-877976-90-2,Nicolai Hermighausen,2024-02-23 09:25:28
CD,Swen Zimmer,Hin rennen erst lassen.,Glück Schnee sonst dürfen.,Horror,3290569921923,Univ.Prof. Sevim Wende MBA.,
Buch,Herr Ernest Gotthard B.A.,Später gewinnen fünf.,,Comedy,978-1-147-50568-9,Benno Dörr-Löwer,
DVD,Rebecca Graf,Fangen für frei tragen.,,Roman,6806699561778,Ismet Metz,2024-06-22 19:09:23
CD,Lissi Wiek-Geißler,Glücklich mal kann.,Möglich rennen Tür arbeiten Fußball.,Punkrock,2873115446241,Hiltrud Stolze,
Buch,Dr. Vladimir Bolzmann,Rennen Onkel ganz gut.,,Roman,978-0-8477-6828-8,Dipl.-Ing. Lara Hartmann B.Eng.,2024-05-09 23:32:49
Buch,Univ.Prof. Amir Koch B.A.,Lehrerin dir verstecken.,,Pop,978-1-57787-679-3,Waltraud Boucsein,
CD,Dipl.-Ing. Kreszenz Gehringer B.Eng.,Her Wissen Schule Zahl damit.,Das mal sehr doch Feuer.,Punkrock,6499176781273,Edda Pölitz,2024-05-21 18:44:57
Buch,Diether Aumann,Hunger dunkel.,,Comedy,978-1-61691-530-8,Roswitha Heinrich,
DVD,Herr Theo Bien B.A.,Packen gelb Tier Lehrer kann.,,Horror,8525571922107,Dörthe Drewes-Kohl,
DVD,Ekkehard Geißler,Hat Mensch weg schlafen.,,Horror,6505739232448,Hasso Stroh,
DVD,Sandra Mohaupt,Wagen überall und Geschichte.,,Sachbuch,1345053371370,Anette Schweitzer,2024-03-09 19:08:44
CD,Dipl.-Ing. Celal Steinberg,Ließ zur nämlich.,Fallen Onkel merken kam Winter dürfen.,Pop,8249888117352,Annaliese Bolnbach B.A.,
DVD,Friedericke Wohlgemut,Glück schwimmen alle uns Glas.,,Punkrock,0379887462899,Univ.Prof. Rotraut Misicher B.Eng.,2024-01-05 03:32:47
DVD,Univ.Prof. Sylvio Zimmer,Klein gehen dunkel.,,Horror,6491386157954,Wibke Hermann,
CD,Evelyn Kreusel,Um suchen kurz Mädchen hören.,Denken Wohnung nein liegen gesund.,Horror,5782815378288,Dipl.-Ing. Sergej Pölitz MBA.,
Buch,Ing. Fredy Gute B.Sc.,Lesen letzte.,,Roman,978-0-85428-662-1,Hans-Ulrich Zobel,
CD,Arif Koch,Meer Leben viel schön.,Oben Weihnachten Stadt Gesicht.,Comedy,4516867434828,Ulrike Kranz,2024-07-03 18:57:20
DVD,Ing. Jozef Fischer MBA.,Gelb verkaufen bekommen.,,Comedy,7404415084137,Univ.Prof. Helmut Adler B.A.,2024-08-05 21:05:06
CD,Irmengard Wohlgemut B.A.,Sehen böse jung Kopf Boden.,Jetzt verstehen halten Herz werfen zwischen voll.,Pop,5031636784984,Burckhard Cichorius-Vogt,
Buch,Dipl.-Ing. Heide Krause,Fünf Schluss dich baden etwas.,,Horror,978-1-4436-6893-4,Prof. Anneke Lachmann B.Sc.,2024-02-02 16:48:34
CD,Ismail Warmer B.Sc.,Wenn ganz nimmt.,Brief traurig gelb schlagen.,Roman,3232066473994,Gerfried Patberg,2024-05-02 06:44:37
DVD,Dora Hethur,Wenig nun letzte rennen.,,Pop,4022441679313,Tatjana Austermühle-Bärer,
DVD,Ing. Helene Stiffel,Zehn dich.,,Horror,9011770659337,Anett Austermühle,
DVD,Erich Rogge-Mies,Holen Flasche Fenster wahr.,,Comedy,4486861541399,Ing. Theresa Kallert,
DVD,Helene Reinhardt,Wohnung Monat.,,Comedy,0176979095832,Bartholomäus Dörschner,2024-03-19 02:33:55
DVD,Aleksej Hauffer,Los Fisch Eis Fenster mit.,,Sachbuch,4779763138980,Univ.Prof. Anna-Marie Jäntsch MBA.,2024-06-05 15:46:25
CD,Dr. Alina Matthäi,Weit hart.,Langsam Rad ab.,Roman,3063071218917,Dipl.-Ing. Adam Zimmer MBA.,2024-03-18 11:21:01
CD,Alla Bohlander,Zwei rund jetzt fünf.,Glauben Hilfe Sonntag gehören nun Geschenk fünf.,Comedy,6735265896535,Laila Eberth,
DVD,Hermann Hänel,Wasser gar Licht merken.,,Horror,1768797028018,Lotte Schlosser,
CD,Frau Marita Fröhlich,Scheinen Finger.,Apfel werfen Hund Eis etwas sein.,Sachbuch,6387223463282,Prof. Dusan Juncken,
Buch,Folkert Speer,Hunger fährt dafür waschen.,,Pop,978-1-203-27397-2,Heide Rogge,
CD,Univ.Prof. Siegrid Ritter,Schnell bleiben Vater.,Versuchen schnell ruhig sein.,Horror,3649132067030,Imelda Röhricht-Sontag,2024-01-27 18:03:59
CD,Dr. Klaus-Günter Römer B.A.,Reich letzte noch.,Zeitung Welt Hase einmal die setzen danach an.,Horror,2766095234208,Saban Kranz,
CD,Enver Krein,Anfangen waschen dauern Nase vielleicht.,Oben baden Wort fallen ob Name.,Pop,2809930673777,Klaus-D. Pieper,2024-01-23 18:31:52
Buch,Carl-Heinz Atzler,Opa erschrecken sieben.,,Roman,978-1-103-35924-0,Wieslaw Kambs,
CD,Prof. Sibilla Hellwig,Schlagen Zimmer natürlich.,Lieb Rad Auto geben springen Spiel.,Roman,2114057444293,Louis Ruppersberger-Wähner,
Buch,Nicolai Bien,Ihm hat rund sehr den.,,Horror,978-1-75760-420-8,Natalija Jacob,
Buch,Valerie Killer,Zeigen verkaufen Zeit.,,Punkrock,978-1-911667-59-9,Andrew Lübs-Heintze,
DVD,Ing. Renata Plath,Möglich hoch fest Hilfe.,,Horror,4752882638555,Lilli Kusch,
Buch,Herma Ullrich B.A.,Schreiben wirklich.,,Comedy,978-0-11-899557-3,Heinz-Georg Säuberlich,2024-09-15 20:31:55
DVD,Carmelo Hertrampf-Mende,Vorbei werden Zimmer draußen.,,Comedy,6324596357831,Univ.Prof. Hellmuth Gertz B.Eng.,2024-07-12 01:48:19
DVD,Ayten Kensy,Genau gewinnen zwischen Mädchen.,,Pop,8482404281636,Friedo Plath-Drub,2024-04-24 15:25:26
Buch,Emmy Huhn B.Sc.,Können brauchen.,,Sachbuch,978-1-05-939211-7,Mathias Schottin,2024-07-25 10:49:02
DVD,Hansjörg Eberth,Stehen in.,,Punkrock,2197219103207,Cilly Hecker,
CD,Camilla Süßebier,Klein schlimm Glück um.,Ihm schwimmen weg böse Wasser krank Kind.,Punkrock,1253263771968,Herr Tomasz Müller,
DVD,Klaus-Werner Hendriks B.Sc.,Berg sieht Luft Arzt.,,Pop,7952689804307,Kunibert Schinke,
Buch,Thea Hübel,Spät las.,,Roman,978-0-7289-8055-6,Gisbert Otto B.Sc.,
CD,Balthasar Budig,Land rufen fährt essen.,Krank merken ich setzen so Hunger.,Punkrock,7701183292529,Britt Wagenknecht,
DVD,Ing. Mara Hein B.Sc.,Klasse hinter weiß schaffen.,,Horror,3303838764012,Steffen Ehlert,
Buch,Lorenzo Kabus,Essen weg weit sollen.,,Comedy,978-0-03-553126-7,Kirstin Roht-Scheel,
DVD,Ivo Caspar B.Sc.,Bauer davon unten schwarz selbst.,,Roman,0112720881781,Suse Mühle,
DVD,Dr. Hans-Karl Beier B.Sc.,Ging laut.,,Roman,6508129573442,Kilian Bauer,2024-01-13 21:46:00
DVD,Prof. Heinz-Willi Bender,Fahrrad Junge rechnen.,,Horror,4897862525637,Massimo Mohaupt,
DVD,Dorina Mende,Ruhig groß sicher.,,Horror,0300353351812,Helfried Müller,2024-09-05 18:13:19
CD,Joerg Siering B.A.,Hunger Winter drei jeder.,Sommer Tante zum zeigen ganz.,Sachbuch,5218066291279,Loni Heidrich,
CD,Katalin Stadelmann,Nase erst letzte ganz geben.,Dann lassen lesen Dorf wirklich.,Pop,5508083516203,Tomasz Wulf-Kroker,2024-05-26 08:28:39
CD,Dipl.-Ing. Franziska Mies,Sicher wenn draußen fährt tragen.,Apfel Wald lange führen ihn Schiff Geburtstag.,Roman,0851333453250,Mehdi Hering,
CD,Univ.Prof. Henny Heser B.Sc.,Bekommen Maus ein Bruder.,Sicher früher einfach dick schlimm gestern Essen.,Comedy,4987751074602,Dana Kruschwitz,
Buch,Ing. Bianca Kuhl MBA.,Verstehen seit Vogel weg dafür.,,Comedy,978-1-4817-6977-8,Laurenz Weiß,
DVD,Ludwina Bien B.Eng.,Fehlen rot bekommen.,,Punkrock,2156685986936,Dipl.-Ing. Heinz-Georg Mans B.Eng.,2024-06-25 14:05:34
Buch,Elias Junck,Lange weit hoch dafür.,,Horror,978-0-00-058837-1,Monica Scholtz,
CD,Florian Köster,Gar Gesicht uns.,Klasse tot weit sechs müssen fliegen.,Sachbuch,4412894429250,Elenore Reuter,
Buch,Vincenzo Jacobi Jäckel,Brot laut finden.,,Comedy,978-1-156-93702-0,Zehra Schwital-Jessel,
CD,Ada Seidel,Langsam geben hören.,Später Herr Mann.,Punkrock,6103320914928,Ramona Margraf MBA.,2024-08-19 02:11:38
CD,Astrid Hein,Gehören heißen da glauben.,Schwester uns weil.,Horror,6293308790405,Prof. Kasimir Täsche,
CD,Univ.Prof. Hiltrud Stolze,Beide treffen.,Turnen neu Flasche andere fest trinken Buch.,Roman,3998303790247,Dipl.-Ing. Slavica Beer B.Eng.,2024-06-28 05:59:21
CD,Baldur Lindner-Rädel,Gab gesund hinter Hase.,Was Sonne mit las laut.,Punkrock,8271838070769,Dipl.-Ing. Ernst-Dieter Lindau MBA.,2024-06-02 14:35:15
CD,Fritz Mangold,Wohl los ohne Geburtstag Schnee.,Ball tun selbst Bild las.,Pop,8012277847068,Lina Christoph,2024-02-01 22:25:45
DVD,Sylvana Kramer,Warum ließ essen.,,Horror,1022040788372,Nils Schüler MBA.,2024-06-24 17:43:14
DVD,Prof. Larissa Klapp,Rad Sonne auf.,,Horror,8803710129250,Emilie Gieß,2024-01-12 05:52:51
CD,Alexej Jopich,Besser Lehrerin blau lachen.,Besser Seite möglich gefährlich.,Punkrock,7756451887587,Fadime Jungfer-Schüler,2024-06-01 10:53:36
CD,Univ.Prof. Jochem Conradi,Ohne Gesicht haben von.,Familie draußen Teller und.,Punkrock,5335424287320,Gundolf Putz,2024-04-21 07:43:13
Buch,Frau Irmtraut Wesack,Endlich Familie nah Herz.,,Sachbuch,978-1-166-36164-8,Andrej Haering,2024-01-09 02:53:30
Buch,Univ.Prof. Inga Kostolzin,Fressen spät.,,Horror,978-0-19-011004-8,Wolfram Spieß-Hövel,2024-03-17 02:54:09
CD,Ing. Reinald Wohlgemut,Zehn fest Eis Opa böse.,Schule fehlen Fenster darin gibt.,Sachbuch,5870332995979,Berthold Ernst,2024-04-25 17:37:49
DVD,Carmine Schuchhardt B.Eng.,Gesund richtig unten schön.,,Comedy,9658755998069,Elfie Krause B.A.,
CD,Reimund Hethur,Vorbei Freude wer Garten erschrecken.,Bein Ende schicken fertig Stein.,Pop,1154368671088,Paulo Bauer-Metz,2024-03-10 19:49:57
CD,Artur Becker,Spät sehr Musik Wald.,Davon Blume Stück.,Horror,2632235105519,Paola Hauffer-Klingelhöfer,2024-01-03 23:24:02
DVD,Steffi Christoph,Tief Bild Monat.,,Roman,8388077903236,Ing. Heinz-Dieter Heydrich,2024-07-22 14:22:35
CD,Dipl.-Ing. Jost Junck B.A.,Wünschen Stück mögen warten.,Mich gern halten der gestern ein lange Garten.,Roman,3625778659594,Hansgeorg Kramer B.Eng.,
Buch,Univ.Prof. Domenico Berger,Fest nehmen endlich wo gewinnen.,,Comedy,978-1-66945-762-6,Kläre Neuschäfer,2024-01-23 18:06:52
Buch,Danielle Atzler B.A.,Erde Gott Wissen sieben an.,,Comedy,978-0-06-535175-0,Zehra Scholtz,
DVD,Herr Heinrich Segebahn B.Sc.,Nass doch die überall schwarz.,,Sachbuch,8760323561801,Bogdan Rosenow,
DVD,Ali Hesse,Nämlich zeigen heißen.,,Pop,4569668950608,Eckhart Niemeier,2024-05-07 23:53:13
Buch,Carl-Heinz Bolnbach,Mama mögen fünf.,,Punkrock,978-0-9747803-4-4,Eugenie Ullmann MBA.,2024-05-02 05:20:28
CD,Ing. Helfried Anders B.Sc.,Sicher Katze Tür oft in.,Himmel bleiben Mensch Kind erzählen fangen liegen.,Horror,1561415362071,Wilhelm Gröttner MBA.,2024-05-17 23:53:48
DVD,Zita Stroh,Mal da los wir unter.,,Punkrock,2188235633342,Dipl.-Ing. Guenther Hornich MBA.,2024-02-17 10:38:02
CD,Massimo Klotz,Ohne erklären hin Hunger.,Nass Fahrrad finden.,Horror,9150763947034,Ing. Lea Neureuther,
CD,Prof. Dörthe Bloch B.Sc.,Mal vor Angst Fisch im.,Nah wer schlafen daran holen böse nehmen daran.,Punkrock,6551460245950,Dipl.-Ing. Maria Rädel B.A.,
CD,Katarzyna Klemt,Schwester zu etwas erst.,Nass der auf ob später zeigen.,Punkrock,8745707227634,Peter Seifert,2024-03-29 16:12:18
CD,Anatolij Henck,Fenster finden bringen.,Kennen Uhr eigentlich Dorf Vogel fangen geben.,Sachbuch,0326093534001,Adina Huhn,
Buch,Dipl.-Ing. Jörgen Wähner,Schuh offen Bett.,,Sachbuch,978-1-67888-997-5,Stjepan Steuer,2024-01-16 22:06:55
CD,Andrea Bolander,Sommer Blume er.,Stellen mit Teller versuchen mögen dazu.,Comedy,7291842853883,Hans-Peter Wende,2024-08-25 05:51:49
DVD,Bettina Fröhlich,Durch gehen Eltern ein.,,Pop,7300649992890,Alexa Lachmann,2024-05-08 22:47:54
Buch,Uwe Steinberg B.A.,Denken schwer las.,,Comedy,978-1-900220-72-9,Dipl.-Ing. Kristina Kusch,2024-03-16 00:34:33
Buch,Filiz Köster,Erst Jahr.,,Sachbuch,978-0-403-93230-6,Dr. Hugo Käster B.Eng.,
CD,Maurizio Hermighausen,Schwarz vom leise Bild Bild.,Reiten Tisch gehen gab gibt Zahl Stelle.,Punkrock,0556253970763,Simon Hartmann,
Buch,Univ.Prof. Sabrina auch Schlauchin MBA.,Zeitung leicht er.,,Pop,978-1-877550-38-6,Frau Gönül Sauer B.Eng.,
Buch,Zoran Wulf,Vom gesund Arbeit.,,Roman,978-0-8105-1551-2,Mirjana Ortmann MBA.,
Buch,Marian Mohaupt-Bolnbach,Tief dann Wetter Mensch fragen.,,Horror,978-0-7463-8908-9,Roswitha Wulff,2024-03-01 08:22:53
Buch,Mohammed Etzler,Leben wer.,,Comedy,978-1-62790-023-2,Anica Döhn,2024-05-20 19:08:00
CD,Ing. Marie-Theres Staude B.A.,Was stellen Familie zehn.,Bringen Wissen nun verstecken daran.,Pop,6164234384993,Raisa Stey,
DVD,Luzie Buchholz,Geburtstag Sohn rund.,,Pop,8767892338513,Sigfried Misicher,
DVD,Prof. Julia Hertrampf MBA.,Dazu letzte.,,Comedy,9381951497875,Dr. Ibrahim Wesack MBA.,
DVD,Dr. Katja Lange B.A.,Sohn wo heiß.,,Horror,9420254035022,Sedat Wagenknecht,2024-05-21 04:33:15
DVD,Annelise Pechel,Bein Glas schwimmen.,,Horror,4540305827224,Ing. Blanka Roskoth B.A.,2024-07-30 10:34:07
CD,Priska Schenk MBA.,Zwischen schauen.,Arbeit bekommen verstecken Affe Hund dumm Tisch wenig.,Pop,0182906722900,Elisabet Säuberlich,
CD,Dr. Sina Wilmsen B.A.,Wiese sprechen Luft.,Fährt einige brauchen Mama sechs Straße.,Punkrock,5321156216509,Susanna Löchel,
Buch,Katarzyna Boucsein,Ein gibt gab nämlich kommen.,,Pop,978-1-133-34146-8,Hans Jörg Thanel,
CD,Marcus Tröst,Sehen blau wird.,Baden dafür jetzt setzen ins.,Comedy,8008825255690,Traudl Tschentscher B.Eng.,2024-07-27 04:10:04
DVD,Dipl.-Ing. Edelbert Köster,Leute nach kommen.,,Pop,9943898649849,Frau Radmila Kranz B.A.,
DVD,Kai-Uwe Neuschäfer-Hölzenbecher,Mögen Angst bleiben brauchen.,,Horror,3807420941046,Alina Bolander,
DVD,Prof. Hanne-Lore Gotthard B.A.,Lustig gegen Himmel Stück.,,Sachbuch,0336090048845,Univ.Prof. Silja Beyer,2024-02-22 23:43:49
CD,Philip Knappe MBA.,Hilfe dir Freude.,Eis nie suchen verstecken Schwester unser Lehrer.,Punkrock,9015529055586,Wolf-Dieter Gierschner,2024-03-26 14:25:23
CD,Dorota Junitz,Drehen hinter frei machen.,Wie hinter einige Arbeit Haus rund lustig.,Comedy,6226962807196,Dr. Simone Loos,
Buch,Kirsten Oderwald,Draußen Sonne Platz.,,Pop,978-0-439-44933-5,Rosel Hölzenbecher B.A.,2024-04-16 07:49:22
DVD,Cläre Keudel,Erklären Fahrrad trinken erst.,,Punkrock,7341294190446,Imelda Schweitzer,
Buch,Cecilia Drubin,Lassen Wagen letzte kurz.,,Sachbuch,978-0-569-71164-7,Walburga Ziegert,
CD,Muharrem Textor,Wissen gehören Familie.,Unten dem jeder langsam.,Comedy,5450611322315,Elli Karge,2024-08-12 23:31:27
Buch,Marzena Lorch,Finden Sonntag fangen.,,Comedy,978-0-06-998481-7,Mustafa Hering,2024-06-03 06:01:20
Buch,Herr Christoph Heidrich,Fest las nächste.,,Sachbuch,978-1-264-17676-2,Dr. Silvester Mentzel,
DVD,Irmgard Dippel MBA.,Heute Freund nennen Freund.,,Roman,8104887014333,Jelena Kobelt B.A.,2024-01-03 20:01:33
CD,Samir Roskoth-Zorbach,Land Zeitung für Bruder laufen.,Bei halbe Lehrer war Sonntag lieb.,Horror,8681857209437,Klaus-D. Hellwig-Dörschner,2024-03-22 02:54:14
Buch,Tony Atzler,Luft sind unser leben Mann.,,Punkrock,978-1-901090-91-8,Sergio Paffrath-Ritter,
Buch,Gero Heinz,War Ball deshalb böse.,,Punkrock,978-0-10-916968-6,Britt Loos,2024-05-18 06:40:08
DVD,Roselinde Schleich,Geld wichtig Winter Herr.,,Horror,4484758242473,Nora Bohlander,2024-03-27 14:21:17
CD,Milka Mangold,Leben Leben bringen Schuh.,Weiß rennen sein weit endlich zeigen.,Comedy,1574869027458,Theodora Wieloch,
Buch,Kristiane Thies,Oft nein Feuer.,,Punkrock,978-0-656-64704-0,Engin Bolzmann,
CD,Änne Süßebier,Nimmt lachen sein bauen Luft.,Ihm wirklich denken.,Comedy,5149851306055,Luciano Trubin,
CD,Karl-Ernst Bolzmann-Metz,Wenn Fahrrad Minutenmir will.,Eigentlich alt fressen deshalb Geschenk kennen.,Punkrock,7748504866311,Univ.Prof. Valerij Schmidtke B.Eng.,
DVD,Henni Schuchhardt MBA.,Nur Hilfe sechs.,,Comedy,2426459922997,Enrico Davids,
CD,Johanne Binner B.Sc.,Nase selbst nimmt.,Tag bin drehen.,Horror,5037333964605,Oskar Rörricht-Bonbach,2024-04-30 02:37:48
DVD,Käte Bloch-Wilmsen,Ferien dumm Geschenk.,,Horror,1962001745412,Dipl.-Ing. Sigrun Blümel,2024-04-21 22:12:01
DVD,Ing. Heino Fiebig,Wenn weiter tun.,,Pop,5967011250594,Christiane Rudolph-Beer,2024-02-10 21:35:10
CD,Yvonne Rust B.A.,Kam glücklich Affe offen gestern.,Tier Woche der kalt.,Pop,4115811564613,Catrin Ditschlerin-Hecker,2024-05-17 23:38:59
CD,Bernward Rörricht,Junge rufen.,Gott nennen gerade beißen davon bis.,Punkrock,6340063825580,Gisa Jüttner,
CD,Hubertus Hübel,Winter möglich suchen offen.,Woche wollen Welt Baum vielleicht.,Sachbuch,1712551300308,Sandra Kabus,
CD,Leif Lorch,Schluss alle Haare Auto.,Laufen Berg hier vielleicht.,Sachbuch,3018986976155,Erdogan Dietz,2024-09-18 12:57:22
CD,Dr. Slavica Eckbauer MBA.,Teller dann.,Weinen Essen mal Hund Musik Haare.,Roman,2470540811868,Katharine Kruschwitz,2024-04-25 23:24:02
DVD,Prof. Detlef Wiek,Hoch Zeit er dick.,,Sachbuch,0573140909460,Friedhold Renner MBA.,
CD,Ismail Tröst,Luft Schluss Feuer Monate Mensch.,Schnell Vater Junge Katze schlecht.,Horror,7620658798628,Prof. Ada Mitschke,
CD,Bernward Eberhardt,Sonntag dann Frau mal.,Fertig beißen kommen neben Abend wohnen rot hin.,Sachbuch,1937730703897,Ilhan Kusch MBA.,
Buch,Anna-Maria Linke,Lustig Auto Angst gehen.,,Punkrock,978-1-300-76573-8,Melissa Eckbauer B.Sc.,
CD,Eitel Ebert,Dabei spät baden.,Vier mehr erst reich müssen weit.,Horror,6186687141237,Larissa Eberth B.Eng.,2024-02-05 19:24:56
CD,Univ.Prof. Nikola Hofmann B.Sc.,Und Schule nur weg.,Allein alt dumm nur geben halbe steigen sie.,Horror,0650005321909,Burghard Spieß,
DVD,Rolf Schlosser,Endlich Klasse nun Bein.,,Horror,7018322504239,Heiderose Säuberlich-Schuchhardt,
DVD,Prof. Victor Ortmann,Aber selbst sitzen.,,Sachbuch,5751647344396,Herr Hans-Friedrich Mentzel,2024-03-13 17:25:41
DVD,Lisbeth Nohlmans-Naser,Bauen nur gelb.,,Roman,7930169337279,Domenico Schacht,2024-06-19 05:49:15
CD,Karl-Friedrich Roht,Hinein Hund kochen helfen.,Weg See schauen schaffen.,Sachbuch,7049565564865,José Walter,2024-01-06 08:42:16
CD,Valerij Häring,Zimmer weinen Haus ich.,Hilfe Geburtstag drei Katze.,Sachbuch,0277828732127,Herr Gerhart Trüb,2024-07-25 02:34:40
DVD,Univ.Prof. Samir Wende B.Sc.,Schreiben neu schnell der.,,Punkrock,7783359369945,Herr Süleyman Kostolzin B.Sc.,2024-06-24 18:51:18
DVD,Tanja Fliegner,Brief oder.,,Pop,7857840302862,Traudel Holzapfel-Stroh,2024-05-18 15:53:56
DVD,Nuran Hartung B.Eng.,Nase hinein.,,Roman,5995357786309,Franz Wesack B.Eng.,
CD,Arndt Rogner MBA.,Ohne Hunger zum fährt.,Verkaufen hin sechs hinter wo.,Sachbuch,4219416421484,Andrej Dietz,2024-01-21 07:46:24
CD,Karl-Heinz Winkler,Doch rund leicht.,Teller freuen Familie rechnen drei Loch Kind.,Punkrock,8233116508159,Dr. Beata Klapp B.Eng.,
Buch,Lorenzo Schwital-Dörr,Leben fiel darauf ohne.,,Pop,978-0-655-87326-6,Hugo Römer,
Buch,Reinhilde Kraushaar,Brief mit was Mann.,,Horror,978-1-375-26032-9,Boris Lindau,
DVD,Conrad Pärtzelt,Fußball Loch.,,Roman,3628535908966,Sandro Holzapfel B.Sc.,2024-01-24 07:59:09
CD,Anne-Marie Kohl B.Sc.,Anfangen ruhig.,Minute nimmt hinter werden zur.,Sachbuch,0856546419741,Gerti Wieloch-Söding,
DVD,Klaus-Jürgen Stoll B.A.,Doch Zimmer mein schnell.,,Horror,3215604866038,Muharrem Rosemann-Mude,
DVD,Arthur Jessel,Hängen essen.,,Pop,2142571657332,Ellinor Karz B.Eng.,
CD,Joanna Schwital,Essen weiß kochen.,Hund bleiben Papa sieben schnell Mann Mensch.,Horror,5760470438578,Frau Wally Putz B.A.,
DVD,Hans-Ludwig Lachmann B.Sc.,Darin Stück Stück gar endlich.,,Punkrock,7585042179332,Irmtrud Rädel MBA.,2024-04-24 03:30:41
Buch,Dr. Kriemhild Rosemann MBA.,Zeit halbe fahren Leute selbst.,,Horror,978-1-178-63560-7,Prof. Maria-Theresia Gierschner B.Sc.,
DVD,Irmhild Austermühle,Land danach.,,Roman,5381082507096,Matteo Stroh,2024-03-03 02:18:30
DVD,Gert Peukert MBA.,Etwas Fahrrad davon.,,Roman,2140020270651,Gretchen Pruschke,2024-05-27 22:51:16
Buch,Lioba Junken,Fährt Zeit dort glücklich.,,Roman,978-0-15-704683-0,Ioannis Häring,
DVD,Ingrid Jungfer,Rennen Schule.,,Punkrock,1718990270301,Frieder Holzapfel,
Buch,Diether Jüttner,Schnell wieder Winter werden.,,Sachbuch,978-1-4693-7956-2,Monique Tröst-Bachmann,2024-04-22 09:17:29
Buch,Ehrhard Gutknecht-Butte,See Stein werfen fest nie.,,Roman,978-0-8101-5488-9,Hakan Scheibe,2024-07-22 16:10:01
Buch,Dipl.-Ing. Mareike Christoph,Eis mehr nah rechnen.,,Horror,978-1-76378-550-2,Ramazan Hein,2024-07-27 21:13:35
CD,Prof. Sabri Eckbauer B.Eng.,Sind antworten.,Bild erzählen reich.,Horror,4857991363876,Univ.Prof. Rosalinde Harloff,
CD,Ortwin Hornig,Neun Mensch Blume.,Den lassen heraus Stelle.,Punkrock,5927684418530,Kata Börner,
CD,Prof. Donald Zobel,Endlich Auto Meer.,Verstehen ihm glücklich offen Geburtstag endlich unter.,Comedy,1893170266685,Ing. Zeki Gutknecht,2024-03-17 09:10:25
CD,Dr. Iwona Lübs,Frage Schluss zu.,Stunde wirklich trinken fröhlich.,Pop,2874357310673,Frau Tülay Gröttner,2024-09-13 16:38:13
DVD,August Gotthard,Fertig für wird Zahl sofort.,,Punkrock,3728236345883,Ruben Zänker,
Buch,Hans-Werner Sauer,Meer rennen Geschenk.,,Roman,978-1-72850-353-0,Prof. Edelgard Kabus,2024-06-25 15:26:15
DVD,Frau Annelore Säuberlich B.Sc.,Zahl Bauer.,,Roman,0054455709230,Dimitri Krebs,
DVD,Dr. Arif Höfig,Gelb da wirklich es selbst.,,Horror,7446020091896,Gottlob Hölzenbecher,2024-09-11 08:27:26
CD,Milena Ring,Mensch zwei.,Endlich nie Stunde Hand Schluss zu Abend.,Roman,5177106421123,Stanislav Trapp,2024-07-01 14:56:55
Buch,Ehrhard Tröst,Las ging Angst sein Monat.,,Pop,978-1-5138-8425-7,Wilhelmine Hettner-Gröttner,
Buch,Reimer Geisel,Ihn weil es.,,Pop,978-1-918535-60-0,Heiko Gertz,2024-07-04 16:20:51
CD,Imelda Tröst,Müde Küche hart.,Boden Minute nennen heute nächste Nase.,Horror,9375415398341,Cornelia Löchel,
DVD,Roswita Spieß,Kann grün wichtig noch.,,Punkrock,6859567391687,Eva Dussen van,
DVD,Dr. Claudio Baum B.Sc.,Antworten Kind wieder nämlich.,,Comedy,6326151074900,Irmi Schuster-Zimmer,
DVD,Ing. Janette Dietz B.A.,Sie gefährlich davon.,,Horror,9132602467958,Univ.Prof. Ditmar Schinke B.A.,
CD,Ing. Ivan Trubin,Haus mein Leute legen also.,Leicht neun Schnee ganz los schlimm Fußball.,Roman,1393560100778,Lili Zirme B.Sc.,
Buch,Claus-Peter Heydrich MBA.,Ein aber.,,Roman,978-0-911958-83-6,Anastasios Röhrdanz MBA.,2024-01-05 22:39:58
Buch,Lydia Schleich-Süßebier,Rufen denn warten.,,Punkrock,978-0-676-23989-8,Herr Hanno Eberth,2024-02-03 21:46:05
Buch,Dipl.-Ing. Julius Schmiedt,Land Winter schön.,,Sachbuch,978-0-17-791012-8,Frau Constanze Weitzel,2024-08-21 13:43:49
CD,Univ.Prof. Elly Fiebig,Davon will ob vergessen sein.,Alle Name später Stein fallen fährt Wissen.,Comedy,7387701707814,Anneliese Grein Groth,2024-02-17 03:57:51
DVD,Stanislaw Geißler,Einmal Berg leben.,,Horror,4504732396586,Ruthild Noack,2024-04-23 18:45:06
Buch,Stanislaw Müller-Eberth,Dann zehn Leben Erde.,,Sachbuch,978-1-09-191450-6,Korinna Stiebitz,2024-07-24 06:22:36
DVD,Ahmed Roskoth,Halten besser Zeitung fertig Uhr.,,Sachbuch,5476956027173,Henni Hermighausen,2024-07-01 21:11:09
CD,Janine Textor,Herz spät dem Freude.,Neben wird fangen liegen scheinen nur.,Roman,1081606650171,Univ.Prof. Timm Heinz MBA.,2024-09-02 21:05:52
CD,Jürgen Vollbrecht B.Eng.,Hinein Wetter Vater sprechen.,Wohnen zurück ruhig sie Nacht.,Sachbuch,0025840462962,Prof. Swetlana Herrmann B.Eng.,2024-03-24 10:46:59
CD,Denise Stiffel-Reichmann,Sie reich freuen.,Lieb war freuen fröhlich mal einigen.,Punkrock,5763738656950,Kristina Benthin,2024-07-14 23:49:44
Buch,Paula Lübs B.A.,Glauben Herr nur plötzlich zum.,,Punkrock,978-0-370-30332-1,Theres Hendriks-Becker,2024-01-02 08:00:55
CD,Gloria Trüb,Gerade wir ihn.,Baum fressen nächste plötzlich dein unser.,Punkrock,4120893892943,Cordula Pergande,
DVD,Ing. Agatha Junitz B.A.,Eis brauchen.,,Horror,4179058406839,Emilia Berger,
Buch,Alexej Peukert,Schauen kurz nämlich Eltern schwimmen.,,Horror,978-0-259-61348-0,Dr. Elly Beckmann B.Sc.,2024-07-27 08:20:02
CD,Nicolas Hendriks B.Eng.,Krank Wissen Straße Tür.,Stunde nennen hinter wir.,Roman,3130432211969,Harriet Eberhardt,
CD,Tomasz Tintzmann,Sonntag Wiese vor Stelle.,Nehmen beim er Beispiel.,Roman,5012406638485,Tania Kruschwitz,2024-06-07 10:23:50
Buch,Hanife Harloff,Auge öffnen schauen.,,Sachbuch,978-0-628-80277-4,Univ.Prof. Bernward Dussen van,2024-05-17 11:49:58
DVD,Ing. Henner Renner B.Sc.,Bringen Schuh antworten dafür.,,Pop,9276396235154,Vadim Bruder-Kroker,2024-02-11 16:59:10
DVD,Silvana Haering,So gelb warm Tag.,,Roman,7501258801133,Wolf-Dietrich Löwer,2024-01-30 03:26:58
CD,Dipl.-Ing. Kuno Jockel B.A.,Haare fröhlich arbeiten.,Gott daran Spaß vergessen.,Horror,6834030756552,Jobst Lübs,2024-05-10 08:42:20
CD,Dipl.-Ing. Miguel Killer,Weg Finger Musik.,Etwas aber Nase dem Zimmer.,Roman,9925322421443,Rosel Hörle-Rosemann,2024-02-12 01:31:11
DVD,Raymond Spieß-Stiffel,Frau oft.,,Punkrock,4708554420591,Jochen Lorch,2024-09-22 13:59:27
CD,Loni Etzold-Wernecke,Daran beißen schwer.,Licht weinen Jahr freuen halten am Herr.,Roman,3137846708443,Kreszenz Johann,2024-03-13 21:19:15
CD,Willfried Bender,Ziehen fressen Auge vorbei.,Dir helfen Kind stehen wer Brief.,Sachbuch,4461003016010,Aloisia Weiß,2024-05-07 11:26:00
DVD,Nikolaos Gute B.Eng.,Gab wahr Spaß.,,Horror,9804370463011,Ron Schacht,2024-05-28 03:30:26
DVD,Hartmuth Scholl,Acht uns lustig.,,Punkrock,4690936832538,Mechthilde Säuberlich,2024-07-31 08:35:39
DVD,Prof. Ildiko Hentschel B.Eng.,Katze Ball möglich ganz hart.,,Pop,3474337490075,Annegrete Pechel-Schönland,
DVD,Herr Friedo Kallert B.Eng.,Herz stehen kennen.,,Comedy,9336866947199,Priska Fischer,2024-06-23 13:09:20
Buch,Canan Reising,Zimmer Jahr.,,Horror,978-0-7768-3765-9,Ing. Dörthe Aumann MBA.,2024-08-06 15:17:25
CD,Univ.Prof. Mahmoud Liebelt,Vergessen Fahrrad Maus im los.,Hund plötzlich neu Minutenmir auch werden.,Punkrock,1540569857480,Alexandra Ruppert,2024-08-18 13:15:27
CD,Anneli Langern,Öffnen heißen durch geben.,Lernen weinen Teller sie darin.,Sachbuch,3889595888708,Cora Weitzel,2024-01-14 03:06:34
Buch,Dr. Helmar Staude,Familie braun offen denn.,,Horror,978-1-101-90093-2,Herr Jobst Reichmann B.Eng.,2024-02-02 17:45:08
DVD,Klaus-Günter Noack,Fliegen öffnen früher Maus.,,Pop,3046854885391,Gerold Bohnbach,
DVD,Rosmarie Heß,Schicken Bein legen.,,Comedy,4663273762851,Leyla Winkler,
DVD,Henrike Schlosser,Merken Monat aber dann.,,Roman,5515653263535,Heinz-Georg Karz,
Buch,Yvette Drub,Platz hinter so.,,Sachbuch,978-1-358-76605-3,Andree Gröttner B.A.,
DVD,Hartmuth Hornich MBA.,Tragen Sommer Baum so.,,Roman,7881443469943,Gerhardt Girschner,2024-02-13 23:20:56
CD,Dipl.-Ing. Boris auch Schlauchin,Las geben.,Grün Gott traurig Spaß neu laut fährt.,Horror,8646507955461,Dipl.-Ing. Hans-Helmut Schuchhardt B.A.,
CD,Helmuth Stiffel B.A.,Gegen Schiff Ball.,Dorf den für Brot die.,Sachbuch,4750913582563,Dr. Erdogan Höfig,
Buch,Nadeschda Buchholz-Schüler,Ball Finger zwei.,,Sachbuch,978-1-379-98804-5,Ruthild Freudenberger,2024-04-11 19:57:33
Buch,Angelina Drub,Oma mit.,,Horror,978-0-8157-1176-6,Mato Davids,2024-02-15 20:29:27
Buch,Wolf-Rüdiger Ziegert,Monate nur Wasser.,,Horror,978-1-4341-1423-5,Gereon Ehlert-Boucsein,2024-08-03 08:37:54
DVD,Marcel Caspar,Will wenn.,,Pop,1551788601020,Mesut Fiebig,2024-01-09 02:34:00
Buch,Liliane Sauer,Küche mit dein.,,Roman,978-1-268-72943-8,Willibert Zimmer,2024-02-21 23:25:53
CD,Nurettin Schottin,Davon waschen Mädchen glauben.,Gefährlich turnen Land scheinen freuen.,Horror,3750444796737,Ayse Dussen van,
Buch,Günther Krause B.Eng.,Opa groß kann.,,Pop,978-1-287-54808-9,Inka Scheel B.A.,2024-07-26 11:04:10
DVD,Dr. Andrei Sontag B.A.,Unser fangen.,,Pop,1200984073833,Reimer Hiller,2024-01-19 06:19:25
CD,Dr. Guido Lange B.Sc.,Vorbei Glück Geschichte erst.,Arbeit müde heiß brauchen.,Pop,6658120937962,Igor Gumprich,
DVD,Heinz-Willi Bärer B.Sc.,Bild allein Brot sind.,,Roman,5967497053085,Zdenka Kobelt-Tlustek,
DVD,Anita Naser-Albers,Grün fragen wenn lange.,,Horror,1956755217288,Roswita Hornich-Roskoth,
CD,Prof. Krzysztof Austermühle B.A.,Gott einfach groß.,Weg ganz offen Polizei ja.,Pop,1168504470121,Sylvana Schulz,2024-02-11 12:44:41
DVD,Herr Karl-Hermann Möchlichen B.A.,Vorbei nie.,,Pop,9530889332356,Minna Pohl B.Eng.,2024-01-23 03:13:28
Buch,Wieland Fischer,Spaß doch ihm darauf rechnen.,,Roman,978-0-357-86538-5,Ing. Steffen Bonbach,
DVD,Marianne Conradi-Conradi,Nehmen Eis.,,Horror,9897409250720,Herr Lambert Börner MBA.,2024-09-12 02:48:06
DVD,Frau Jutta Röhricht B.Eng.,Oder bald gelb.,,Pop,0388751060321,Diether Fiebig,2024-09-07 04:15:13
DVD,Univ.Prof. Cemil Keudel,Von offen dumm Klasse.,,Pop,5146942308462,Vinko Mende,
CD,Arzu Weihmann,Bis überall ging.,Aus sehen wer dauern zur.,Roman,2563816087613,Antonietta Haering,2024-07-27 21:00:12
Buch,Univ.Prof. Catharina Geisel B.Eng.,Nimmt Vater möglich Welt.,,Comedy,978-0-488-54052-6,Jens Röhrdanz,2024-05-28 04:36:01
DVD,Jaroslav Fiebig,Brot sagen reich Mädchen sich.,,Horror,4952457390066,Univ.Prof. Michail Wohlgemut B.A.,2024-07-06 19:29:51
CD,Adam Junk,Wollen Zeitung Uhr.,Himmel Familie acht liegen früher bekommen genau kaufen.,Comedy,7778580446787,Henriette Adler,
DVD,Madlen Karge,Durch kein.,,Pop,5231909261314,Dolores Seip,2024-01-03 16:05:12
Buch,Lotti Niemeier B.A.,Klasse vielleicht Blume.,,Roman,978-0-470-37372-9,Ilja Hartung,2024-04-07 13:28:59
DVD,Iwan Fritsch,Dich brauchen bei für vorbei.,,Horror,9411968677318,Dr. Wilfried Seidel B.A.,
CD,Herr Roman Schottin B.Eng.,Baden nächste will leben lieb.,Zwischen Schluss Spaß rund einigen dafür.,Roman,0349595362835,Imre Mohaupt,2024-01-02 14:05:03
CD,Helene Hein-Kuhl,Mögen weinen besser.,Ins bei gar Vogel zurück Oma gewinnen.,Pop,4424171174807,Herr Friedbert Neureuther,2024-05-03 15:23:29
CD,Tina Wähner,Fahrrad Eis.,Öffnen Fußball stark Glück Stelle.,Horror,8769845743658,Bastian Seidel-Stiffel,2024-09-01 11:28:20
Buch,Jaroslav Ziegert B.A.,Vier Platz Flasche Sohn.,,Roman,978-1-318-10112-2,Prof. Bernt Koch MBA.,2024-03-19 18:34:32
DVD,Herr Osman Girschner B.A.,Eigentlich damit.,,Roman,4286083401255,Bartholomäus Hornich,2024-05-17 09:41:48
Buch,Holger Matthäi,Nach langsam.,,Pop,978-1-280-44851-5,Ramazan Köster,2024-02-21 12:13:23
Buch,Dipl.-Ing. Arthur Römer,Verkaufen möglich natürlich.,,Sachbuch,978-1-372-89032-1,Gero Bien,2024-01-29 01:17:41
CD,Katja Keudel-Wieloch,Aber Stadt vor darauf.,Uhr Zimmer Schwester scheinen dem ging stark.,Pop,0106702247320,Jakob Zobel,2024-03-13 00:52:05
CD,Dr. Tadeusz Jüttner B.Sc.,Hund helfen sein.,Frau beißen jetzt Vogel schauen.,Pop,0952658911392,Dipl.-Ing. Eva-Marie Knappe MBA.,
DVD,Univ.Prof. Erika Reising,Deshalb turnen immer.,,Sachbuch,2988425740382,Melitta Hörle MBA.,2024-05-20 08:58:01
CD,Natalia Baum,Spät hängen oder in.,Schwer nämlich gehören gehören Lehrerin klettern Zeitung Kind.,Pop,5992306351663,Dr. Gretchen Hentschel,
DVD,Britt Hendriks,Tür Hand gelb Frau.,,Punkrock,9144989525312,Univ.Prof. Albrecht Krebs B.Eng.,2024-01-23 18:26:24
DVD,Johan Jäntsch,Gab Blume.,,Roman,9801073643337,Herr Heribert Hermighausen B.Sc.,
Buch,Dipl.-Ing. Hildegunde Kade,Berg Lehrer Zimmer gesund.,,Roman,978-0-02-569775-1,Emin Sauer B.A.,
CD,Nurten Meister,Stück Hunger Zahl.,Setzen halten in eigentlich dumm Leben.,Horror,1057191484057,Waldemar Etzler,2024-03-03 16:30:05
Buch,Harald Hein,Fußball Stadt.,,Sachbuch,978-0-489-26741-5,Franz-Josef Schinke-Kaul,
DVD,Theobald Schmidtke,Wer dazu Haus dafür Kind.,,Punkrock,9843057722683,Prof. Greta Döring,
CD,Ibrahim Girschner,Wie Tisch dunkel Buch.,Erde wahr mich sind.,Pop,2050369760730,Daniela Barth,
CD,Liane Metz MBA.,Apfel turnen.,Ob geben unter Affe gar.,Roman,2999617774535,Cemil Tlustek B.Sc.,
DVD,Krystyna Oderwald,Bekommen Fußball sicher Milch überall.,,Pop,8234767450408,Helmar Speer,2024-06-25 01:01:10
CD,Dorina Nerger,Gibt See zusammen Lehrerin.,Davon Freund Wagen Vogel Arzt Ding glücklich.,Roman,3436182927342,Ingeborg Hande-Weitzel,2024-05-23 14:28:04
Buch,Kaspar Bohlander B.Eng.,Eis weil Essen beißen.,,Punkrock,978-0-650-11888-1,Wiltrud Kühnert,2024-02-09 22:51:22
Buch,Univ.Prof. Ann Hermann,Fröhlich Hase.,,Horror,978-0-624-45333-8,Olaf Pölitz,
Buch,Arnd Gude,Zwischen Monate ich Fahrrad rechnen.,,Comedy,978-0-924775-34-5,Anna Beckmann,2024-09-17 08:50:40
Buch,Ing. Bert Gumprich B.A.,Waschen tot Boden Blume.,,Comedy,978-1-931487-21-4,Univ.Prof. Alexandra Reichmann B.Sc.,
CD,Hans-Otto Koch II-Beer,Mein heute Mädchen.,Auge brauchen halten fehlen.,Comedy,8021782955083,Gaby Beer-Weiß,
DVD,Dipl.-Ing. Ewa Dussen van,Wort Hunger einfach nichts.,,Roman,2485030434410,Dora Stiebitz B.Sc.,2024-02-05 15:42:59
Buch,Hella Warmer,Monate können Weihnachten einmal.,,Sachbuch,978-1-85734-135-5,Frau Apollonia Kramer,
Buch,Prof. Marit Süßebier B.Sc.,Darauf mögen Abend setzen Geschenk.,,Horror,978-1-941290-18-7,Univ.Prof. Aenne Sölzer B.Sc.,2024-07-05 11:39:58
CD,Sieghard Lange,Schauen verstehen Geschichte mal einfach.,Schön hin schauen packen schlagen.,Roman,1381737420545,Milena Mitschke,
DVD,Türkan Söding,Nämlich Geschichte sie.,,Horror,2627471718494,Klaudia Bärer,2024-08-07 11:11:56
CD,Arno Wirth,Neun zusammen Eis.,Liegen Küche drehen gut Teller arbeiten Erde.,Roman,5476120624658,Viktor Haering,2024-01-30 12:08:37
CD,Dipl.-Ing. Otfried Kade B.Eng.,Kennen schicken.,Und fragen unten trinken sieht kein wenn.,Roman,7802157544832,Heinz-Günter Schüler,
Buch,Adam Henk B.Eng.,Schenken halten.,,Sachbuch,978-1-338-97574-1,Guido Bohnbach,2024-04-25 13:04:30
Buch,Liesa Junken-Loos,Los aber Garten Spiel.,,Roman,978-1-4462-8413-1,Mohamed Kitzmann B.A.,2024-03-11 14:27:59
Buch,Janett Ernst MBA.,Lange deshalb Wohnung.,,Pop,978-0-464-86506-3,Karl-Ludwig Häring,
DVD,Konstantin Krebs,Sich nah hat.,,Pop,9013734868663,Ann Linke,2024-01-13 06:38:45
DVD,Cosimo Gute,Liegen brauchen tragen trinken.,,Roman,7008430543701,Ernst-Dieter Butte B.Eng.,
Buch,Mijo Zänker,Genau sieben zu einfach.,,Pop,978-0-403-81794-8,Frau Rena Weinhage,2024-07-23 01:34:40
DVD,Friedrich-Wilhelm Hörle B.Eng.,Fahren über.,,Roman,3729035911552,Hildegunde Margraf,
DVD,Hannah Döring,Mann dir voll kalt Bein.,,Pop,6384879815403,Carlo Wagner,2024-05-25 21:42:06
DVD,Herr Mariusz Schottin B.Eng.,Name Freude darauf.,,Horror,7538216170994,Ulrike Eberhardt,2024-02-18 14:18:14
DVD,Sönke Otto,Schwarz Bauer weiter gefährlich.,,Punkrock,6178021557453,Mona Heinz-Klapp,
Buch,Ina Preiß,Lange Wald nennen Lehrer.,,Sachbuch,978-1-381-47635-6,Hans-Detlef Seip,
Buch,Gitte Bruder,Fuß für hin Ferien.,,Horror,978-0-483-24814-4,Anett Pölitz,2024-01-03 15:47:16
DVD,Rosa Wirth,Land grün Leute.,,Pop,6126630846086,Korinna Kohl,
CD,Heinz-Dieter Steinberg,Frau tief Garten.,Schwester wieder kam auf Geschenk an zehn.,Comedy,8359418980384,Metin Dussen van B.A.,
Buch,Catharina Römer,Gelb Berg schwarz Fisch Ende.,,Horror,978-1-162-30610-0,Alicja Trüb,
Buch,Univ.Prof. Mattias Schlosser,Sechs Geld Wissen groß.,,Horror,978-1-388-71819-0,Bernard Geisel,
CD,Dipl.-Ing. Jolanda Liebelt,Nämlich gern arbeiten.,Nah ich wo Musik Ende.,Pop,7334454702740,Aleksej Roht,
CD,Dipl.-Ing. Viktoria Reinhardt,Dauern erklären auf Angst.,Spiel Mama Kind stark gehen kam einmal.,Horror,7109261860132,Frau Ludmila Hofmann B.Eng.,
CD,Alida Warmer,Vielleicht kaufen.,Nase auch dumm jung.,Pop,8448585007885,Kerstin Jacobi Jäckel,2024-07-12 18:22:12
Buch,Gloria Hövel,Zum neun.,,Punkrock,978-1-105-22956-5,Christopher Haase,2024-02-16 02:10:54
Buch,Hans-Albert Röhricht,Weiß merken Ende.,,Horror,978-0-7608-4722-0,Helfried Hoffmann,2024-08-04 01:33:21
CD,Prof. Gabriel Trüb,Werfen aber ging.,Sohn lange er anfangen Haare baden.,Sachbuch,2180151454827,Univ.Prof. Margarethe Hänel,
CD,Dimitrios Dietz-Dobes,Hilfe kam.,Papa ab Frau als.,Sachbuch,5678386754289,Teresa Harloff,
Buch,Iwan Stey,Wichtig nämlich groß Nase.,,Horror,978-1-4071-7214-9,Jobst Steinberg,2024-06-12 04:01:05
DVD,Vinko Pärtzelt,Werfen nennen Berg verlieren gar.,,Comedy,5944146976889,Kai-Uwe Schottin,2024-05-03 14:01:25
CD,Gilbert Rose,Darin gelb sieben zusammen.,Fressen hinein was lesen uns öffnen Stein.,Sachbuch,4448679553261,Tom Niemeier,2024-04-12 03:07:17
Buch,Dr. Klaus-Werner Jessel B.Sc.,Vielleicht fliegen Fahrrad kommen.,,Comedy,978-0-7962-8487-7,Dr. Karoline Krause B.Sc.,2024-08-23 22:24:16
CD,Aleksej Losekann,Springen ist.,Warm hart Buch auch.,Roman,9483232075205,Herr Gert Söding,2024-06-14 22:31:28
Buch,Sibilla Bloch MBA.,Schlimm packen einigen.,,Roman,978-0-667-41299-6,Geert Austermühle,
CD,Nico Gnatz-Förster,Katze schenken reiten vier.,Immer möglich fliegen.,Punkrock,0337486479939,Ing. Edeltrud Hellwig B.Sc.,2024-09-07 00:08:44
CD,Konstantinos Striebitz,Tief kalt wünschen Musik turnen.,Kopf zwischen hinter klein.,Punkrock,3203121917470,Marie-Theres Hornich,
DVD,Dr. Ilija Hornig,Rufen sagen versuchen verlieren.,,Horror,7915363216995,Frau Edeltrud Bauer B.Sc.,2024-01-05 11:38:37
DVD,Ernst Hauffer MBA.,Frau Haus Hase.,,Horror,3175190540463,Heiderose Köhler,2024-06-12 18:58:12
Buch,Udo Butte,Schon sprechen Junge Blume.,,Punkrock,978-0-598-56205-0,Hansgeorg Matthäi B.Eng.,
CD,Metin auch Schlauchin,Wünschen fährt.,Rechnen reich Glück ganz.,Punkrock,3700807694453,Harald Ullmann,
DVD,Folkert Schmidt,Straße klettern.,,Sachbuch,9479053248508,Marlies Eberhardt,
Buch,Ernestine Hahn-Zobel,Spaß fressen.,,Sachbuch,978-0-8091-8744-7,Adele Barth B.Sc.,
DVD,Hilma Fischer,Mutter Brot stehen allein Wissen.,,Horror,3476312551627,Dorothee Schleich,
Buch,Roy Schüler,Land früher um.,,Horror,978-1-876373-72-6,Margrit Hethur,
DVD,Bodo Wernecke,Jahr nächste der darin Sache.,,Punkrock,6928300681191,Univ.Prof. Angelina Meyer B.A.,
DVD,Dr. Dietlinde Kranz,Auge für schlecht Fenster nimmt.,,Comedy,2198896477018,Daniel Koch,
DVD,Andrea Wilmsen B.Eng.,Laufen kam.,,Punkrock,6820911994502,Till Lorch B.Eng.,
